id,name,model_id:id,group_id:id,perm_read,perm_write,perm_create,perm_unlink
access_primetech_audit_event_dashboard,primetech.audit.event.dashboard,model_primetech_audit_event,primetech_reporting_center.group_reporting_dashboard,1,0,0,0
access_pt_dashboard_report_preview_wizard,pt.dashboard.report.preview.wizard,model_pt_dashboard_report_preview_wizard,primetech_reporting_center.group_reporting_dashboard,1,1,1,1
access_primetech_audit_event_manager,primetech.audit.event.manager,model_primetech_audit_event,primetech_reporting_center.group_reporting_manager,1,0,0,0
access_income_statement_wizard,access_income_statement_wizard,model_primetech_income_statement_wizard,primetech_reporting_center.group_reporting_accounting,1,1,1,1
access_balance_sheet_wizard,access_balance_sheet_wizard,model_primetech_balance_sheet_wizard,primetech_reporting_center.group_reporting_accounting,1,1,1,1
access_primetech_trial_balance_wizard,access_primetech_trial_balance_wizard,model_primetech_trial_balance_wizard,primetech_reporting_center.group_reporting_accounting,1,1,1,1
access_primetech_report_preview_wizard,access_primetech_report_preview_wizard,model_primetech_report_preview_wizard,primetech_reporting_center.group_reporting_accounting,1,1,1,1
access_primetech_general_ledger_wizard,access_primetech_general_ledger_wizard,model_primetech_general_ledger_wizard,primetech_reporting_center.group_reporting_accounting,1,1,1,1
access_accounting_journal_wizard,access_accounting_journal_wizard,model_primetech_accounting_journal_wizard,primetech_reporting_center.group_reporting_accounting,1,1,1,1
access_partner_balance_wizard,access_partner_balance_wizard,model_primetech_partner_balance_wizard,primetech_reporting_center.group_reporting_accounting,1,1,1,1
access_invoice_analysis_report_wizard,access_invoice_analysis_report_wizard,model_primetech_invoice_analysis_report_wizard,primetech_reporting_center.group_reporting_accounting,1,1,1,1
access_pt_cash_period,pt.cash.period,model_pt_cash_period,primetech_reporting_center.group_reporting_accounting,1,1,1,1
access_pt_cash_period_wiz,pt.cash.period.wiz,model_pt_cash_period_wiz,primetech_reporting_center.group_reporting_accounting,1,1,1,1
access_sales_periodic_report_wizard_user,access_sales_periodic_report_wizard_user,model_primetech_sales_periodic_report_wizard,primetech_reporting_center.group_reporting_sales,1,1,1,1
access_primetech_sales_preview_wizard,access_primetech_sales_preview_wizard,model_primetech_sales_preview_wizard,primetech_reporting_center.group_reporting_sales,1,1,1,1
access_primetech_sales_customer_analysis_report_wizard,access_primetech_sales_customer_analysis_report_wizard,model_primetech_sales_customer_analysis_report_wizard,primetech_reporting_center.group_reporting_sales,1,1,1,1
access_sales_product_analysis_report_wizard,access_sales_product_analysis_report_wizard,model_primetech_sales_product_analysis_report_wizard,primetech_reporting_center.group_reporting_sales,1,1,1,1
access_sales_performance_report_wizard,access_sales_performance_report_wizard,model_primetech_sales_performance_report_wizard,primetech_reporting_center.group_reporting_sales,1,1,1,1
access_sales_orders_tracking_report_wizard,access_sales_orders_tracking_report_wizard,model_primetech_sales_orders_tracking_report_wizard,primetech_reporting_center.group_reporting_sales,1,1,1,1
access_sales_profitability_report_wizard,access_sales_profitability_report_wizard,model_primetech_sales_profitability_report_wizard,primetech_reporting_center.group_reporting_sales,1,1,1,1
access_primetech_purchase_analysis_report_wizard,access_primetech_purchase_analysis_report_wizard,model_primetech_purchase_analysis_report_wizard,primetech_reporting_center.group_reporting_purchase,1,1,1,1
access_primetech_purchase_preview_wizard,access_primetech_purchase_preview_wizard,model_primetech_purchase_preview_wizard,primetech_reporting_center.group_reporting_purchase,1,1,1,1
access_purchase_supplier_report_wizard_user,purchase.supplier.report.wizard.user,model_primetech_purchase_supplier_report_wizard,primetech_reporting_center.group_reporting_purchase,1,1,1,1
access_purchase_product_report_wizard_user,purchase.product.report.wizard.user,model_primetech_purchase_product_report_wizard,primetech_reporting_center.group_reporting_purchase,1,1,1,1
access_purchase_expense_wizard_user,purchase.expense.wizard.user,model_primetech_purchase_expense_wizard,primetech_reporting_center.group_reporting_purchase,1,1,1,1
access_pt_purchase_order,pt.purchase.order,model_pt_purchase_order,primetech_reporting_center.group_reporting_purchase,1,1,1,1
access_pt_purchase_order_wiz,pt.purchase.order.wiz,model_pt_purchase_order_wiz,primetech_reporting_center.group_reporting_purchase,1,1,1,1
access_pt_purchase_recv,pt.purchase.recv,model_pt_purchase_recv,primetech_reporting_center.group_reporting_purchase,1,1,1,1
access_pt_purchase_recv_wiz,pt.purchase.recv.wiz,model_pt_purchase_recv_wiz,primetech_reporting_center.group_reporting_purchase,1,1,1,1
access_pt_purchase_bill,pt.purchase.bill,model_pt_purchase_bill,primetech_reporting_center.group_reporting_purchase,1,1,1,1
access_pt_purchase_bill_wiz,pt.purchase.bill.wiz,model_pt_purchase_bill_wiz,primetech_reporting_center.group_reporting_purchase,1,1,1,1
access_pt_purchase_supp,pt.purchase.supp,model_pt_purchase_supp,primetech_reporting_center.group_reporting_purchase,1,1,1,1
access_pt_purchase_supp_wiz,pt.purchase.supp.wiz,model_pt_purchase_supp_wiz,primetech_reporting_center.group_reporting_purchase,1,1,1,1
access_pt_purchase_lead,pt.purchase.lead,model_pt_purchase_lead,primetech_reporting_center.group_reporting_purchase,1,1,1,1
access_pt_purchase_lead_wiz,pt.purchase.lead.wiz,model_pt_purchase_lead_wiz,primetech_reporting_center.group_reporting_purchase,1,1,1,1
access_pt_stock_status_wizard,pt.stock.status.wizard,model_pt_stock_status_wizard,primetech_reporting_center.group_reporting_stock,1,1,1,1
access_pt_stock_card_wizard_user,access_pt_stock_card_wizard_user,model_pt_stock_card_wizard,primetech_reporting_center.group_reporting_stock,1,1,1,1
access_pt_stock_valuation_wizard_user,access_pt_stock_valuation_wizard_user,model_pt_stock_valuation_wizard,primetech_reporting_center.group_reporting_stock,1,1,1,1
access_pt_stock_inventory_wizard_user,pt.stock.inventory.wizard.user,model_pt_stock_inventory_wizard,primetech_reporting_center.group_reporting_stock,1,1,1,1
access_pt_stock_movement_wizard_user,pt.stock.movement.wizard.user,model_pt_stock_movement_wizard,primetech_reporting_center.group_reporting_stock,1,1,1,1
access_pt_stock_dashboard_wizard,pt.stock.dashboard.wizard,model_pt_stock_dashboard_wizard,primetech_reporting_center.group_reporting_stock,1,1,1,1
access_primetech_hr_report_wizard,primetech.hr.report.wizard,model_primetech_hr_report_wizard,primetech_reporting_center.group_reporting_hr,1,1,1,1
